{
  "function": "minecraft:set_damage",
  "damage": {
    "type": "minecraft:score",
    "target": "this",
    "score": "HV_damagetool",
    "scale": 0.000001
  },
  "add": false,
  "conditions": [
    {
      "condition": "minecraft:entity_properties",
      "entity": "this",
      "predicate": {
        "equipment": {
          "mainhand": {
            "enchantments": [
              {
                "enchantment": "minecraft:unbreaking",
                "levels": {
                  "min": 3,
                  "max": 3
                }
              }
            ]
          }
        }
      }
    },
    {
      "condition": "minecraft:random_chance",
      "chance": 0.25
    }
  ]
}