{
  "display": {
    "title": "Fast Travel?",
    "description": "Throw a conduit into an open oak door",
    "icon": {
      "item": "minecraft:oak_door",
      "id": "minecraft:oak_door"
    },
    "frame": "goal",
    "show_toast": true,
    "announce_to_chat": true,
    "hidden": false
  },
  "parent": "dimensionaldoors:adventure/find_conduit",
  "rewards": {
    "experience": 50
  },
  "criteria": {
    "impossible": {
      "trigger": "minecraft:impossible"
    }
  }
}
