{
  "display": {
    "title": "Stabilizing Links",
    "description": "Throw a linked conduit into an open oak door to create a linked portal",
    "icon": {
      "item": "minecraft:oak_door",
      "id": "minecraft:oak_door"
    },
    "frame": "task",
    "show_toast": true,
    "announce_to_chat": true,
    "hidden": false
  },
  "parent": "dimensionaldoors:adventure/create_door",
  "rewards": {
    "experience": 10
  },
  "criteria": {
    "impossible": {
      "trigger": "minecraft:impossible"
    }
  }
}
