{
  "display": {
    "icon": {
      "item": "minecraft:golden_hoe",
      "id": "minecraft:golden_hoe"
    },
    "title": "A Better Harvester",
    "description": "Cast a hoe with any alloy metal with the Harvester datapack enabled",
    "frame": "goal",
    "show_toast": true,
    "announce_to_chat": true,
    "hidden": true
  },
  "parent": "tinkererscraft:root_skills",
  "rewards": {
    "experience": 100
  },
  "criteria": {
    "impossible": {
      "trigger": "minecraft:impossible"
    }
  }
}
