{
  "display": {
    "icon": {
      "item": "minecraft:iron_hoe",
      "id": "minecraft:iron_hoe"
    },
    "title": "You Can Do That?!",
    "description": "Use Harvester to harvest some crops",
    "frame": "challenge",
    "show_toast": true,
    "announce_to_chat": true,
    "hidden": true
  },
  "parent": "minecraft:husbandry/plant_seed",
  "rewards": {
    "experience": 50
  },
  "criteria": {
    "impossible": {
      "trigger": "minecraft:impossible"
    }
  }
}
